Gender,Race,Emotion,Sentiment
1,1,1,0.8
1,1,0,-0.6
1,1,1,0.8
1,1,1,0.8
2,1,1,0.8
2,1,0,-0.6
2,1,0,0.0
2,1,1,0.8
1,2,0,0.0
1,2,0,0.0
1,2,0,0.0
1,2,0,-0.15555555555555559
2,2,0,0.0
2,2,0,0.0
2,2,0,-0.15555555555555559
2,2,0,-0.15555555555555559
0,0,1,0.8
0,0,1,0.8
0,0,0,0.0
0,0,0,0.0
0,0,0,0.0
0,0,1,0.8
0,0,0,0.0
0,0,1,0.8
