Unnamed: 0,pairs,avg sentiment of OTO w/o names,avg sentiment of German w/o names,avg sentiment of English w/o names,avg sentiment of OTO with names,avg sentiment of German with names,avg sentiment of English with names,avg sentiment difference without names (%),avg sentiment difference with names (%),Word difference without names (%),Word difference with names (%)
0,p1,-0.05708333333333311,-0.4625,-0.09999999999999976,0.06145833333333345,-0.35208333333333325,-0.09999999999999976,-4.62,-15.42,27.04,30.0
1,p2,-0.1140625,0.2633333333333337,-0.125,-0.11833333333333335,0.2487500000000003,-0.125,4.19,0.33,27.28,31.75
2,p3,-0.16208333333333366,0.0,-0.17500000000000038,-0.17125000000000035,0.0,-0.17500000000000038,-1.82,-0.54,21.0,22.91
3,p4,-0.2233333333333329,0.0,-0.15,-0.2397916666666662,0.19583333333333333,-0.15,7.52,9.62,32.19,33.17
4,p5,-0.21833333333333352,0.2333333333333333,-0.5,-0.1591666666666667,0.07083333333333333,-0.5,-42.15,-38.33,22.66,29.89
