Unnamed: 0,pairs,avg sentiment of OTO w/o names,avg sentiment of French w/o names,avg sentiment of English w/o names,avg sentiment of OTO with names,avg sentiment of French with names,avg sentiment of English with names,avg sentiment difference without names (%),avg sentiment difference with names (%),Word difference without names (%),Word difference with names (%)
0,p1,0.2270833333333332,0.1973263888888894,-0.0999999999999997,0.1839583333333334,0.1303333333333334,-0.0999999999999997,-39.42,-34.43,20.41,30.75
1,p2,-0.0916666666666666,-0.0231249999999999,-0.125,-0.0822916666666666,-0.0499999999999998,-0.125,6246.04,-4.27,13.66,21.71
2,p3,-0.1477083333333336,0.273291666666667,-0.1750000000000003,-0.1650000000000003,0.2650000000000004,-0.1750000000000003,-2.82,-1.0,10.84,17.94
3,p4,-0.1391666666666665,-0.0301388888888888,-0.15,-0.1033333333333331,0.0468749999999999,-0.15,99161.61,99991.94,28.99,41.91
4,p5,-0.3995833333333331,-0.3126736111111109,-0.5,-0.3937499999999997,-0.4883333333333333,-0.5,-22.08,-26.24,15.85,25.88
