Word,Average Sentiment
grim,-0.6466290108568138
happy,0.4455450065970422
anxious,-0.3841996692948871
relieved,0.06267579651176929
depressing,-0.6052436343709628
funny,0.25908843975663187
annoying,-0.5963833524326483
glad,0.36742273747887877
miserable,-0.6372422581652801
ecstatic,0.2252026086
